{
  "Page Returning 200" : {
    "transaction" : "Page Returning 200",
    "sampleCount" : 59,
    "errorCount" : 0,
    "errorPct" : 0.0,
    "meanResTime" : 58.203389830508485,
    "minResTime" : 35.0,
    "maxResTime" : 342.0,
    "pct1ResTime" : 80.0,
    "pct2ResTime" : 85.0,
    "pct3ResTime" : 342.0,
    "throughput" : 1.0065167695929578,
    "receivedKBytesPerSec" : 0.9917728716008735,
    "sentKBytesPerSec" : 0.0
  },
  "Total" : {
    "transaction" : "Total",
    "sampleCount" : 59,
    "errorCount" : 0,
    "errorPct" : 0.0,
    "meanResTime" : 58.203389830508485,
    "minResTime" : 35.0,
    "maxResTime" : 342.0,
    "pct1ResTime" : 80.0,
    "pct2ResTime" : 85.0,
    "pct3ResTime" : 342.0,
    "throughput" : 1.0065167695929578,
    "receivedKBytesPerSec" : 0.9917728716008735,
    "sentKBytesPerSec" : 0.0
  }
}