{
  "Page Returning 200" : {
    "transaction" : "Page Returning 200",
    "sampleCount" : 50,
    "errorCount" : 0,
    "errorPct" : 0.0,
    "meanResTime" : 48.519999999999996,
    "minResTime" : 34.0,
    "maxResTime" : 183.0,
    "pct1ResTime" : 57.8,
    "pct2ResTime" : 69.39999999999995,
    "pct3ResTime" : 183.0,
    "throughput" : 1.0016828271496114,
    "receivedKBytesPerSec" : 0.9870097388612871,
    "sentKBytesPerSec" : 0.0
  },
  "Total" : {
    "transaction" : "Total",
    "sampleCount" : 50,
    "errorCount" : 0,
    "errorPct" : 0.0,
    "meanResTime" : 48.519999999999996,
    "minResTime" : 34.0,
    "maxResTime" : 183.0,
    "pct1ResTime" : 57.8,
    "pct2ResTime" : 69.39999999999995,
    "pct3ResTime" : 183.0,
    "throughput" : 1.0016828271496114,
    "receivedKBytesPerSec" : 0.9870097388612871,
    "sentKBytesPerSec" : 0.0
  }
}